{
    "name": "dnd5e_pt-BR",
    "title": "D&D5e - Português (Brasil)",
    "description": "<p>Adiciona o idioma Português (Brasil) para o sistema de jogo D&D 5E.</p><p>OBS. Esse módulo traduz somente os termos relacionados ao sistema de D&D 5E, como as fichas e rolagens. Esse módulo não traduz outras partes do FoundryVTT</p>",
    "version": "0.3.0",
    "minimumCoreVersion" : "0.4.5",
    "author": "Caua539",
    "systems": ["dnd5e"],
    "scripts": [],
    "styles": [],
    "packs": [],
    "esmodules": ["ptbr5e.js"],
    "languages": [
      {
        "lang": "pt-BR",
        "name": "Português (Brasil)",
        "path": "pt-BR.json"
      }
    ],
    
    "url": "https://gitlab.com/Caua539/foundryvtt-dnd5e-brazilian-portuguese",
	  "manifest": "https://gitlab.com/Caua539/foundryvtt-dnd5e-brazilian-portuguese/raw/master/dnd5e_pt-BR/module.json",
	  "download": "https://gitlab.com/Caua539/foundryvtt-dnd5e-brazilian-portuguese/raw/master/dnd5e_pt-BR.zip"
  }
  