{
   "Dungeons & Dragons 5th Edition": "Dungeons & Dragons 5th Edition",
   "DND5E.title": "Dungeons & Dragons 5th Edition",
   "DND5E.description": "Um sistema de jogo completo para conduzir jogos de Dungeons & Dragons 5th Edition no ambiente Foundry VTT.",
   "SETTINGS.5eDiagN": "Regra de Movimento Diagonal",
   "SETTINGS.5eDiagL": "Configura que regra de movimento diagonal deve ser usada para jogos nesse sistema.",
   "SETTINGS.5eInitTBN": "Desempate de Iniciativa usando Destreza",
   "SETTINGS.5eInitTBL": "Adicione o valor bruto do atributo Destreza para desempatar jogadas de Iniciativa.",
   "SETTINGS.5eCurWtN": "Aplicar peso de moedas",
   "SETTINGS.5eCurWtL": "Moedas carregadas afetam a sobrecarga do personagem seguindo as regras no LDJ pg. 176",
   "SETTINGS.5eDiagPHB": "Livro do Jogador (5/5/5)",
   "SETTINGS.5eDiagDMG": "Guia do Mestre (5/10/5)",
   "SETTINGS.5eNoExpN": "Desativar registro de experiência",
   "SETTINGS.5eNoExpL": "Remove a barra de experiência das fichas de personagem.",
   "SETTINGS.5eAutoCollapseCardN": "Fechar Cartões de Item no chat",
   "SETTINGS.5eAutoCollapseCardL": "Fechar automaticamente descrições de Cartões de Item no registro de chat",
   "SETTINGS.5eAutoSpellTemplateN": "Sempre empregar Modelos de Magia",
   "SETTINGS.5eAutoSpellTemplateL": "When a spell is cast, defaults to begin the process to create the corresponding Measured Template if any (requires TRUSTED or higher player role)",
   "DND5E.FlagsInstructions": "Configure habilidades e traços de personagens que ajustam comportamentos do sistema D&D5e",
   "DND5E.FlagsTitle": "Configure Traços Especiais",
   "DND5E.FlagsSave": "Atualize Traços Especiais",
   "DND5E.AbilityStr": "Força",
   "DND5E.AbilityDex": "Destreza",
   "DND5E.AbilityCon": "Constituição",
   "DND5E.AbilityInt": "Inteligência",
   "DND5E.AbilityWis": "Sabedoria",
   "DND5E.AbilityCha": "Carisma",
   "DND5E.ActionMWAK": "Ataque armado corpo-a-corpo",
   "DND5E.ActionRWAK": "Ataque armado à distância",
   "DND5E.ActionMSAK": "Ataque mágico corpo-a-corpo",
   "DND5E.ActionRSAK": "Ataque mágico à distância",
   "DND5E.ActionSave": "Salvaguarda",
   "DND5E.ActionHeal": "Cura",
   "DND5E.ActionAbil": "Teste de Atributo",
   "DND5E.ActionUtil": "Utilitário",
   "DND5E.ActionOther": "Outro",
   "DND5E.AlignmentLG": "Ordeiro e bom",
   "DND5E.AlignmentNG": "Neutro e bom",
   "DND5E.AlignmentCG": "Caótico e bom",
   "DND5E.AlignmentLN": "Ordeiro e neutro",
   "DND5E.AlignmentTN": "Neutro",
   "DND5E.AlignmentCN": "Caótico e neutro",
   "DND5E.AlignmentLE": "Ordeiro e mau",
   "DND5E.AlignmentNE": "Ordeiro e mau",
   "DND5E.AlignmentCE": "Caótico e mau",
   "DND5E.BonusSave": "Bônus de Salvaguarda",
   "DND5E.BonusAbility": "Bônus de Teste de Atributo",
   "DND5E.BonusSkill": "Bônus de Teste de Perícia",
   "DND5E.BonusDamage": "Bônus de Dano Corpo-a-corpo/À Distância",
   "DND5E.BonusSaveForm": "Atualizar bônus",
   "DND5E.BonusesInstructions": "Configura bônus de personagem que são adicionados a rolagem de dado apropriada",
   "DND5E.BonusTitle": "Configura Bônus de Ator",
   "DND5E.ChatReqMats": "Materiais necessários",
   "DND5E.ChatOtherFormula": "Outra fórmula",
   "DND5E.ChatPlaceTemplate": "Posicionar Modelo Medido",
   "DND5E.ComponentVerbal": "Verbal",
   "DND5E.ComponentSomatic": "Somático",
   "DND5E.ComponentMaterial": "Material",
   "DND5E.ConBlinded": "Cego",
   "DND5E.ConCharmed": "Enfeitiçado",
   "DND5E.ConDeafened": "Surdo",
   "DND5E.ConFrightened": "Amedrontado",
   "DND5E.ConGrappled": "Agarrado",
   "DND5E.ConIncapacitated": "Incapacitado",
   "DND5E.ConInvisible": "Invisível",
   "DND5E.ConParalyzed": "Paralisado",
   "DND5E.ConPetrified": "Petrificado",
   "DND5E.ConPoisoned": "Envenenado",
   "DND5E.ConProne": "Caído",
   "DND5E.ConRestrained": "Contido",
   "DND5E.ConStunned": "Atordoado",
   "DND5E.ConUnconscious": "Inconsciente",
   "DND5E.ConExhaustion": "Exaustão",
   "DND5E.ConDiseased": "Doente",
   "DND5E.ConsumablePotion": "Poção",
   "DND5E.ConsumablePoison": "Veneno",
   "DND5E.ConsumableFood": "Comida",
   "DND5E.ConsumableScroll": "Pergaminho",
   "DND5E.ConsumableWand": "Varinha",
   "DND5E.ConsumableRod": "Vara",
   "DND5E.ConsumableTrinket": "Bugiganga",
   "DND5E.CurrencyPP": "Platina",
   "DND5E.CurrencyGP": "Ouro",
   "DND5E.CurrencyEP": "Elektro",
   "DND5E.CurrencySP": "Prata",
   "DND5E.CurrencyCP": "Cobre",
   "DND5E.DamageAcid": "Ácido",
   "DND5E.DamageBludgeoning": "Contundente",
   "DND5E.DamageCold": "Gélido",
   "DND5E.DamageFire": "Ígneo",
   "DND5E.DamageForce": "Energético",
   "DND5E.DamageLightning": "Elétrico",
   "DND5E.DamageNecrotic": "Necrótico",
   "DND5E.DamagePiercing": "Perfurante",
   "DND5E.DamagePoison": "Venenoso",
   "DND5E.DamagePsychic": "Psíquico",
   "DND5E.DamageRadiant": "Radiante",
   "DND5E.DamageSlashing": "Cortante",
   "DND5E.DamageThunder": "Trovejante",
   "DND5E.DistAny": "Qualquer",
   "DND5E.DistSelf": "Pessoal",
   "DND5E.DistTouch": "Toque",
   "DND5E.DistFt": "Pés",
   "DND5E.DistMi": "Milhas",
   "DND5E.EquipmentLight": "Armadura Leve",
   "DND5E.EquipmentMedium": "Armadura Média",
   "DND5E.EquipmentHeavy": "Armadura Pesada",
   "DND5E.EquipmentBonus": "Bônus Mágico",
   "DND5E.EquipmentNatural": "Armadura Natural",
   "DND5E.EquipmentShield": "Escudo",
   "DND5E.EquipmentClothing": "Roupa",
   "DND5E.EquipmentTrinket": "Bugiganga",
   "DND5E.FilterTitle": "Filtro",
   "DND5E.FilterAction": "Ação",
   "DND5E.FilterBonus": "Bônus",
   "DND5E.FilterConcentration": "Conc.",
   "DND5E.FilterEquipped": "Equipado",
   "DND5E.FilterPrepared": "Preparado",
   "DND5E.FilterReaction": "Reação",
   "DND5E.FilterRitual": "Ritual",
   "DND5E.FilterNoSpells": "Nenhuma magia encontrada para essa combinação de filtros.",
   "DND5E.HealingTemp": "Cura (Temporária)",
   "DND5E.ItemContainerCapacity": "Capacidade",
   "DND5E.ItemContainerCapacityItems": "Itens",
   "DND5E.ItemContainerCapacityType": "Tipo de Capacidade",
   "DND5E.ItemContainerCapacityWeight": "Peso",
   "DND5E.ItemContainerDetails": "Recipiente",
   "DND5E.ItemContainerHeader": "Recipientes",
   "DND5E.ItemContainerProperties": "Propriedade dos Recipientes",
   "DND5E.ItemContainerWeightless": "Conteúdo sem peso",
   "DND5E.LimitedUseSR": "Descanso Curto",
   "DND5E.LimitedUseLR": "Descanso Longo",
   "DND5E.LimitedUseDay": "Dia",
   "DND5E.LimitedUseCharges": "Cargas",
   "DND5E.SchoolAbj": "Abjuração",
   "DND5E.SchoolCon": "Invocação",
   "DND5E.SchoolDiv": "Adivinhação",
   "DND5E.SchoolEnc": "Encantamento",
   "DND5E.SchoolEvo": "Evocação",
   "DND5E.SchoolIll": "Ilusão",
   "DND5E.SchoolNec": "Necromancia",
   "DND5E.SchoolTrs": "Transmutação",
   "DND5E.SenseBS": "Percepção às cegas",
   "DND5E.SenseDV": "Visão no Escuro",
   "DND5E.SenseTS": "Sentido Sísmico",
   "DND5E.SenseTR": "Visão Verdadeira",
   "DND5E.SkillAcr": "Acrobacia",
   "DND5E.SkillAni": "Lidar com Animais",
   "DND5E.SkillArc": "Arcanismo",
   "DND5E.SkillAth": "Atletismo",
   "DND5E.SkillDec": "Enganação",
   "DND5E.SkillHis": "História",
   "DND5E.SkillIns": "Intuição",
   "DND5E.SkillItm": "Intimidação",
   "DND5E.SkillInv": "Investigação",
   "DND5E.SkillMed": "Medicina",
   "DND5E.SkillNat": "Natureza",
   "DND5E.SkillPrc": "Percepção",
   "DND5E.SkillPrf": "Atuação",
   "DND5E.SkillPer": "Persuasão",
   "DND5E.SkillRel": "Religião",
   "DND5E.SkillSlt": "Prestigitação",
   "DND5E.SkillSte": "Furtividade",
   "DND5E.SkillSur": "Sobrevivência",
   "DND5E.SpellAdd": "Adicionar magia",
   "DND5E.SpellNone": "Nenhum",
   "DND5E.SpellCantrip": "Truque",
   "DND5E.SpellLevel": "Círculo de Magia",
   "DND5E.SpellSchool": "Escola de Magia",
   "DND5E.SpellTarget": "Alvo da Magia",
   "DND5E.SpellUsage": "Uso da Magia",
   "DND5E.SpellLevel0": "Truque",
   "DND5E.SpellLevel1": "1º Círculo",
   "DND5E.SpellLevel2": "2º Círculo",
   "DND5E.SpellLevel3": "3º Círculo",
   "DND5E.SpellLevel4": "4º Círculo",
   "DND5E.SpellLevel5": "5º Círculo",
   "DND5E.SpellLevel6": "6º Círculo",
   "DND5E.SpellLevel7": "7º Círculo",
   "DND5E.SpellLevel8": "8º Círculo",
   "DND5E.SpellLevel9": "9º Círculo",
   "DND5E.SpellPrepAlways": "Sempre Disponível",
   "DND5E.SpellPrepPrepared": "Preparada",
   "DND5E.SpellPrepInnate": "Conjuração Inata",
   "DND5E.SpellPrepPact": "Magia de Pacto",
   "DND5E.TargetAlly": "Aliado",
   "DND5E.TargetCreature": "Criatura",
   "DND5E.TargetCylinder": "Cilindro",
   "DND5E.TargetCone": "Cone",
   "DND5E.TargetCube": "Cubo",
   "DND5E.TargetEnemy": "Inimigo",
   "DND5E.TargetLine": "Linha",
   "DND5E.TargetObject": "Objeto",
   "DND5E.TargetRadius": "Raio",
   "DND5E.TargetSelf": "Pessoal",
   "DND5E.TargetSphere": "Esfera",
   "DND5E.TargetSquare": "Quadrado",
   "DND5E.TargetSpace": "Espaço",
   "DND5E.TargetWall": "Parede",
   "DND5E.TimeInst": "Instantânea",
   "DND5E.TimeTurn": "Turnos",
   "DND5E.TimeRound": "Rodadas",
   "DND5E.TimeMinute": "Minutos",
   "DND5E.TimeHour": "Horas",
   "DND5E.TimeDay": "Dias",
   "DND5E.TimeMonth": "Meses",
   "DND5E.TimeYear": "Anos",
   "DND5E.TimePerm": "Permanente",
   "DND5E.TraitArmorProf": "Proficiência com Armaduras",
   "DND5E.TraitToolProf": "Proficiência com Ferramentas",
   "DND5E.TraitWeaponProf": "Proficiência com Armas",
   "DND5E.WeaponSimpleM": "Simples Corpo-a-Corpo",
   "DND5E.WeaponSimpleR": "Simples à Distância",
   "DND5E.WeaponMartialM": "Marcial Corpo-a-Corpo",
   "DND5E.WeaponMartialR": "Marcial à Distância",
   "DND5E.WeaponNatural": "Natural",
   "DND5E.WeaponImprov": "Improvisada",
   "DND5E.WeaponAmmo": "Munição",
   "DND5E.WeaponPropertiesAmm": "Munição",
   "DND5E.WeaponPropertiesHvy": "Pesada",
   "DND5E.WeaponPropertiesFin": "Acuidade",
   "DND5E.WeaponPropertiesFir": "Arma de Fogo",
   "DND5E.WeaponPropertiesFoc": "Foco",
   "DND5E.WeaponPropertiesLgt": "Leve",
   "DND5E.WeaponPropertiesLod": "Recarga",
   "DND5E.WeaponPropertiesRch": "Extensão",
   "DND5E.WeaponPropertiesRel": "Automática",
   "DND5E.WeaponPropertiesRet": "Recarga",
   "DND5E.WeaponPropertiesSpc": "Especial",
   "DND5E.WeaponPropertiesThr": "Arremesso",
   "DND5E.WeaponPropertiesTwo": "Duas Mãos",
   "DND5E.WeaponPropertiesVer": "Versátil",
   "DND5E.Action": "Ação",
   "DND5E.Add": "Adicionar",
   "DND5E.Attack": "Ataque",
   "DND5E.Attributes": "Atributo",
   "DND5E.Attuned": "Vinculado",
   "DND5E.ArmorClass": "Classe de Armadura",
   "DND5E.Biography": "Biografia",
   "DND5E.Bonuses": "Bônus do Personagem",
   "DND5E.Charges": "Cargas",
   "DND5E.Charged": "Carregado",
   "DND5E.ConImm": "Imunidade a condições",
   "DND5E.Damage": "Dano",
   "DND5E.DamImm": "Imunidade a dano",
   "DND5E.DamRes": "Resistência a dano",
   "DND5E.DamVuln": "Vulnerabilidade a dano",
   "DND5E.DeathSave": "Salvaguarda contra Morte",
   "DND5E.Description": "Descrição",
   "DND5E.Details": "Detalhes",
   "DND5E.Equipped": "Equipado",
   "DND5E.Exhaustion": "Exaustão",
   "DND5E.Health": "Pontos de Vida",
   "DND5E.Healing": "Cura",
   "DND5E.HealthFormula": "Fórmula de Pontos de Vida",
   "DND5E.Inventory": "Inventário",
   "DND5E.Inspiration": "Inspiração",
   "DND5E.Features": "Habilidades",
   "DND5E.LairAct": "Ação de Covil",
   "DND5E.Languages": "Idiomas",
   "DND5E.LegAct": "Ações Lendárias",
   "DND5E.LegRes": "Resistências Lendárias",
   "DND5E.None": "Nenhum",
   "DND5E.RestS": "D. Curto",
   "DND5E.RestL": "D. Longo",
   "DND5E.ResourcePrimary": "Recurso 1",
   "DND5E.ResourceSecondary": "Recurso 2",
   "DND5E.ResourceTertiary": "Recurso 3",
   "DND5E.Senses": "Sentidos",
   "DND5E.Save": "Salvaguarda",
   "DND5E.Size": "Tamanho",
   "DND5E.Special": "Especial",
   "DND5E.Speed": "Deslocamento",
   "DND5E.SpeedSpecial": "Movimento Especial",
   "DND5E.Spellbook": "Grimório",
   "DND5E.SpecialTraits": "Traços Especiais",
   "DND5E.Usage": "Uso",
   "DND5E.Uses": "Usos",
   "DND5E.Versatile": "Versátil",
   "DND5E.Proficiency": "Proficiência",
   "DND5E.Weight": "Peso",
   "DND5E.HitDice": "Dado de Vida",
   "DND5E.HitDiceUsed": "Dados de Vida utilizados",
   "DND5E.DIALOG.SHORTREST.Prompt": "Realizar um descanso curto? Em um descanso curto você pode usar seus dados de vida remanescentes e recobrar recursos primários ou secundários.",
   "DND5E.DIALOG.SHORTREST.Select": "Selecione o dado para jogar",
   "DND5E.DIALOG.SHORTREST.NoHd": "Sem Dados de Vida remanescentes"
}